Workbook

Sheet Firma Kontrolü
A1: SU VERİMLİLİĞİ YÖNETMELİĞİ • FİRMA KAPSAM KONTROLÜ
A3: Kaynak: 27.12.2024 tarihli Su Verimliliği Yönetmeliği Ek-2 NACE listesi | Kural: NACE kodu listede + çalışan sayısı 50 ve üzeri → KAPSAMDA
A4: Sarı hücrelere yazın: firma adı, NACE, çalışan sayısı | D4: KAPSAMDA = kırmızı | G4: KAPSAM DIŞI = yeşil
A5: İlk üç satır örnektir; silebilir veya üzerine yazabilirsiniz. NACE kodunu 10.11, 10,11 veya 10.11.01 biçiminde yazabilirsiniz. 6 haneli kod girilirse ilk dört hane (10.11) kontrol edilir.
A6: Özet | D6: KAPSAMDA firma sayısı | G6: KAPSAM DIŞI firma sayısı
A7: Ek-2 listesindeki NACE kodu adedi: 148 | D7: =COUNTIF(F10:F59,"KAPSAMDA") | G7: =COUNTIF(F10:F59,"KAPSAM DIŞI")
A9: Firma Adı | B9: NACE Kodu | C9: Çalışan Sayısı | D9: NACE Listede mi? | E9: Çalışan ≥ 50 mi? | F9: Kapsam Durumu | G9: Gerekçe | H9: Ek-2 Faaliyet Açıklaması | I9: Normalize NACE
A10: Örnek Gıda A.Ş. | B10: 10.11 | C10: 120 | D10: =IF(OR(B10="",I10="",I10="GEÇERSİZ"),"",IF(COUNTIF('Ek-2 NACE Listesi'!$B$2:$B$149,I10)>0,"Evet","Hayır")) | E10: =IF(C10="","",IF(AND(ISNUMBER(C10),C10>=50),"Evet","Hayır")) | F10: =IF(OR(B10="",C10=""),"",IF(AND(D10="Evet",E10="Evet"),"KAPSAMDA","KAPSAM DIŞI")) | G10: =IF(OR(B10="",C10=""),"",IF(I10="GEÇERSİZ","NACE kodunu 4 haneli yazın (ör. 10.11)",IF(AND(D10="Evet",E10="Evet"),"NACE kodu Ek-2 listesinde ve çalışan sayısı 50 ve üzeri",IF(AND(D10="Evet",E10="Hayır"),"NACE kodu listede ancak çalışan sayısı 50'den az",IF(AND(D10="Hayır",E10="Evet"),"Çalışan sayısı yeterli ancak NACE kodu Ek-2 listesinde yok","NACE kodu Ek-2 listesinde yok ve çalışan sayısı 50'den az"))))) | H10: =IF(OR(B10="",I10="",I10="GEÇERSİZ"),"",IFERROR(VLOOKUP(I10,'Ek-2 NACE Listesi'!$B$2:$C$149,2,FALSE),"Listede bulunamadı")) | I10: =IF(B10="","",IF(LEN(SUBSTITUTE(SUBSTITUTE(SUBSTITUTE(SUBSTITUTE(SUBSTITUTE(TRIM(B10),".",""),",",""),"-","")," ",""),";",""))<4,"GEÇERSİZ",LEFT(SUBSTITUTE(SUBSTITUTE(SUBSTITUTE(SUBSTITUTE(SUBSTITUTE(TRIM(B10),".",""),",",""),"-","")," ",""),";",""),2)&"."&MID(SUBSTITUTE(SUBSTITUTE(SUBSTITUTE(SUBSTITUTE(SUBSTITUTE(TRIM(B10),".",""),",",""),"-","")," ",""),";",""),3,2)))
A11: Örnek Market Ltd. | B11: 47.11 | C11: 200 | D11: =IF(OR(B11="",I11="",I11="GEÇERSİZ"),"",IF(COUNTIF('Ek-2 NACE Listesi'!$B$2:$B$149,I11)>0,"Evet","Hayır")) | E11: =IF(C11="","",IF(AND(ISNUMBER(C11),C11>=50),"Evet","Hayır")) | F11: =IF(OR(B11="",C11=""),"",IF(AND(D11="Evet",E11="Evet"),"KAPSAMDA","KAPSAM DIŞI")) | G11: =IF(OR(B11="",C11=""),"",IF(I11="GEÇERSİZ","NACE kodunu 4 haneli yazın (ör. 10.11)",IF(AND(D11="Evet",E11="Evet"),"NACE kodu Ek-2 listesinde ve çalışan sayısı 50 ve üzeri",IF(AND(D11="Evet",E11="Hayır"),"NACE kodu listede ancak çalışan sayısı 50'den az",IF(AND(D11="Hayır",E11="Evet"),"Çalışan sayısı yeterli ancak NACE kodu Ek-2 listesinde yok","NACE kodu Ek-2 listesinde yok ve çalışan sayısı 50'den az"))))) | H11: =IF(OR(B11="",I11="",I11="GEÇERSİZ"),"",IFERROR(VLOOKUP(I11,'Ek-2 NACE Listesi'!$B$2:$C$149,2,FALSE),"Listede bulunamadı")) | I11: =IF(B11="","",IF(LEN(SUBSTITUTE(SUBSTITUTE(SUBSTITUTE(SUBSTITUTE(SUBSTITUTE(TRIM(B11),".",""),",",""),"-","")," ",""),";",""))<4,"GEÇERSİZ",LEFT(SUBSTITUTE(SUBSTITUTE(SUBSTITUTE(SUBSTITUTE(SUBSTITUTE(TRIM(B11),".",""),",",""),"-","")," ",""),";",""),2)&"."&MID(SUBSTITUTE(SUBSTITUTE(SUBSTITUTE(SUBSTITUTE(SUBSTITUTE(TRIM(B11),".",""),",",""),"-","")," ",""),";",""),3,2)))
A12: Örnek Küçük Tesis | B12: 10.11 | C12: 30 | D12: =IF(OR(B12="",I12="",I12="GEÇERSİZ"),"",IF(COUNTIF('Ek-2 NACE Listesi'!$B$2:$B$149,I12)>0,"Evet","Hayır")) | E12: =IF(C12="","",IF(AND(ISNUMBER(C12),C12>=50),"Evet","Hayır")) | F12: =IF(OR(B12="",C12=""),"",IF(AND(D12="Evet",E12="Evet"),"KAPSAMDA","KAPSAM DIŞI")) | G12: =IF(OR(B12="",C12=""),"",IF(I12="GEÇERSİZ","NACE kodunu 4 haneli yazın (ör. 10.11)",IF(AND(D12="Evet",E12="Evet"),"NACE kodu Ek-2 listesinde ve çalışan sayısı 50 ve üzeri",IF(AND(D12="Evet",E12="Hayır"),"NACE kodu listede ancak çalışan sayısı 50'den az",IF(AND(D12="Hayır",E12="Evet"),"Çalışan sayısı yeterli ancak NACE kodu Ek-2 listesinde yok","NACE kodu Ek-2 listesinde yok ve çalışan sayısı 50'den az"))))) | H12: =IF(OR(B12="",I12="",I12="GEÇERSİZ"),"",IFERROR(VLOOKUP(I12,'Ek-2 NACE Listesi'!$B$2:$C$149,2,FALSE),"Listede bulunamadı")) | I12: =IF(B12="","",IF(LEN(SUBSTITUTE(SUBSTITUTE(SUBSTITUTE(SUBSTITUTE(SUBSTITUTE(TRIM(B12),".",""),",",""),"-","")," ",""),";",""))<4,"GEÇERSİZ",LEFT(SUBSTITUTE(SUBSTITUTE(SUBSTITUTE(SUBSTITUTE(SUBSTITUTE(TRIM(B12),".",""),",",""),"-","")," ",""),";",""),2)&"."&MID(SUBSTITUTE(SUBSTITUTE(SUBSTITUTE(SUBSTITUTE(SUBSTITUTE(TRIM(B12),".",""),",",""),"-","")," ",""),";",""),3,2)))
D13: =IF(OR(B13="",I13="",I13="GEÇERSİZ"),"",IF(COUNTIF('Ek-2 NACE Listesi'!$B$2:$B$149,I13)>0,"Evet","Hayır")) | E13: =IF(C13="","",IF(AND(ISNUMBER(C13),C13>=50),"Evet","Hayır")) | F13: =IF(OR(B13="",C13=""),"",IF(AND(D13="Evet",E13="Evet"),"KAPSAMDA","KAPSAM DIŞI")) | G13: =IF(OR(B13="",C13=""),"",IF(I13="GEÇERSİZ","NACE kodunu 4 haneli yazın (ör. 10.11)",IF(AND(D13="Evet",E13="Evet"),"NACE kodu Ek-2 listesinde ve çalışan sayısı 50 ve üzeri",IF(AND(D13="Evet",E13="Hayır"),"NACE kodu listede ancak çalışan sayısı 50'den az",IF(AND(D13="Hayır",E13="Evet"),"Çalışan sayısı yeterli ancak NACE kodu Ek-2 listesinde yok","NACE kodu Ek-2 listesinde yok ve çalışan sayısı 50'den az"))))) | H13: =IF(OR(B13="",I13="",I13="GEÇERSİZ"),"",IFERROR(VLOOKUP(I13,'Ek-2 NACE Listesi'!$B$2:$C$149,2,FALSE),"Listede bulunamadı")) | I13: =IF(B13="","",IF(LEN(SUBSTITUTE(SUBSTITUTE(SUBSTITUTE(SUBSTITUTE(SUBSTITUTE(TRIM(B13),".",""),",",""),"-","")," ",""),";",""))<4,"GEÇERSİZ",LEFT(SUBSTITUTE(SUBSTITUTE(SUBSTITUTE(SUBSTITUTE(SUBSTITUTE(TRIM(B13),".",""),",",""),"-","")," ",""),";",""),2)&"."&MID(SUBSTITUTE(SUBSTITUTE(SUBSTITUTE(SUBSTITUTE(SUBSTITUTE(TRIM(B13),".",""),",",""),"-","")," ",""),";",""),3,2)))
D14: =IF(OR(B14="",I14="",I14="GEÇERSİZ"),"",IF(COUNTIF('Ek-2 NACE Listesi'!$B$2:$B$149,I14)>0,"Evet","Hayır")) | E14: =IF(C14="","",IF(AND(ISNUMBER(C14),C14>=50),"Evet","Hayır")) | F14: =IF(OR(B14="",C14=""),"",IF(AND(D14="Evet",E14="Evet"),"KAPSAMDA","KAPSAM DIŞI")) | G14: =IF(OR(B14="",C14=""),"",IF(I14="GEÇERSİZ","NACE kodunu 4 haneli yazın (ör. 10.11)",IF(AND(D14="Evet",E14="Evet"),"NACE kodu Ek-2 listesinde ve çalışan sayısı 50 ve üzeri",IF(AND(D14="Evet",E14="Hayır"),"NACE kodu listede ancak çalışan sayısı 50'den az",IF(AND(D14="Hayır",E14="Evet"),"Çalışan sayısı yeterli ancak NACE kodu Ek-2 listesinde yok","NACE kodu Ek-2 listesinde yok ve çalışan sayısı 50'den az"))))) | H14: =IF(OR(B14="",I14="",I14="GEÇERSİZ"),"",IFERROR(VLOOKUP(I14,'Ek-2 NACE Listesi'!$B$2:$C$149,2,FALSE),"Listede bulunamadı")) | I14: =IF(B14="","",IF(LEN(SUBSTITUTE(SUBSTITUTE(SUBSTITUTE(SUBSTITUTE(SUBSTITUTE(TRIM(B14),".",""),",",""),"-","")," ",""),";",""))<4,"GEÇERSİZ",LEFT(SUBSTITUTE(SUBSTITUTE(SUBSTITUTE(SUBSTITUTE(SUBSTITUTE(TRIM(B14),".",""),",",""),"-","")," ",""),";",""),2)&"."&MID(SUBSTITUTE(SUBSTITUTE(SUBSTITUTE(SUBSTITUTE(SUBSTITUTE(TRIM(B14),".",""),",",""),"-","")," ",""),";",""),3,2)))
D15: =IF(OR(B15="",I15="",I15="GEÇERSİZ"),"",IF(COUNTIF('Ek-2 NACE Listesi'!$B$2:$B$149,I15)>0,"Evet","Hayır")) | E15: =IF(C15="","",IF(AND(ISNUMBER(C15),C15>=50),"Evet","Hayır")) | F15: =IF(OR(B15="",C15=""),"",IF(AND(D15="Evet",E15="Evet"),"KAPSAMDA","KAPSAM DIŞI")) | G15: =IF(OR(B15="",C15=""),"",IF(I15="GEÇERSİZ","NACE kodunu 4 haneli yazın (ör. 10.11)",IF(AND(D15="Evet",E15="Evet"),"NACE kodu Ek-2 listesinde ve çalışan sayısı 50 ve üzeri",IF(AND(D15="Evet",E15="Hayır"),"NACE kodu listede ancak çalışan sayısı 50'den az",IF(AND(D15="Hayır",E15="Evet"),"Çalışan sayısı yeterli ancak NACE kodu Ek-2 listesinde yok","NACE kodu Ek-2 listesinde yok ve çalışan sayısı 50'den az"))))) | H15: =IF(OR(B15="",I15="",I15="GEÇERSİZ"),"",IFERROR(VLOOKUP(I15,'Ek-2 NACE Listesi'!$B$2:$C$149,2,FALSE),"Listede bulunamadı")) | I15: =IF(B15="","",IF(LEN(SUBSTITUTE(SUBSTITUTE(SUBSTITUTE(SUBSTITUTE(SUBSTITUTE(TRIM(B15),".",""),",",""),"-","")," ",""),";",""))<4,"GEÇERSİZ",LEFT(SUBSTITUTE(SUBSTITUTE(SUBSTITUTE(SUBSTITUTE(SUBSTITUTE(TRIM(B15),".",""),",",""),"-","")," ",""),";",""),2)&"."&MID(SUBSTITUTE(SUBSTITUTE(SUBSTITUTE(SUBSTITUTE(SUBSTITUTE(TRIM(B15),".",""),",",""),"-","")," ",""),";",""),3,2)))
D16: =IF(OR(B16="",I16="",I16="GEÇERSİZ"),"",IF(COUNTIF('Ek-2 NACE Listesi'!$B$2:$B$149,I16)>0,"Evet","Hayır")) | E16: =IF(C16="","",IF(AND(ISNUMBER(C16),C16>=50),"Evet","Hayır")) | F16: =IF(OR(B16="",C16=""),"",IF(AND(D16="Evet",E16="Evet"),"KAPSAMDA","KAPSAM DIŞI")) | G16: =IF(OR(B16="",C16=""),"",IF(I16="GEÇERSİZ","NACE kodunu 4 haneli yazın (ör. 10.11)",IF(AND(D16="Evet",E16="Evet"),"NACE kodu Ek-2 listesinde ve çalışan sayısı 50 ve üzeri",IF(AND(D16="Evet",E16="Hayır"),"NACE kodu listede ancak çalışan sayısı 50'den az",IF(AND(D16="Hayır",E16="Evet"),"Çalışan sayısı yeterli ancak NACE kodu Ek-2 listesinde yok","NACE kodu Ek-2 listesinde yok ve çalışan sayısı 50'den az"))))) | H16: =IF(OR(B16="",I16="",I16="GEÇERSİZ"),"",IFERROR(VLOOKUP(I16,'Ek-2 NACE Listesi'!$B$2:$C$149,2,FALSE),"Listede bulunamadı")) | I16: =IF(B16="","",IF(LEN(SUBSTITUTE(SUBSTITUTE(SUBSTITUTE(SUBSTITUTE(SUBSTITUTE(TRIM(B16),".",""),",",""),"-","")," ",""),";",""))<4,"GEÇERSİZ",LEFT(SUBSTITUTE(SUBSTITUTE(SUBSTITUTE(SUBSTITUTE(SUBSTITUTE(TRIM(B16),".",""),",",""),"-","")," ",""),";",""),2)&"."&MID(SUBSTITUTE(SUBSTITUTE(SUBSTITUTE(SUBSTITUTE(SUBSTITUTE(TRIM(B16),".",""),",",""),"-","")," ",""),";",""),3,2)))
D17: =IF(OR(B17="",I17="",I17="GEÇERSİZ"),"",IF(COUNTIF('Ek-2 NACE Listesi'!$B$2:$B$149,I17)>0,"Evet","Hayır")) | E17: =IF(C17="","",IF(AND(ISNUMBER(C17),C17>=50),"Evet","Hayır")) | F17: =IF(OR(B17="",C17=""),"",IF(AND(D17="Evet",E17="Evet"),"KAPSAMDA","KAPSAM DIŞI")) | G17: =IF(OR(B17="",C17=""),"",IF(I17="GEÇERSİZ","NACE kodunu 4 haneli yazın (ör. 10.11)",IF(AND(D17="Evet",E17="Evet"),"NACE kodu Ek-2 listesinde ve çalışan sayısı 50 ve üzeri",IF(AND(D17="Evet",E17="Hayır"),"NACE kodu listede ancak çalışan sayısı 50'den az",IF(AND(D17="Hayır",E17="Evet"),"Çalışan sayısı yeterli ancak NACE kodu Ek-2 listesinde yok","NACE kodu Ek-2 listesinde yok ve çalışan sayısı 50'den az"))))) | H17: =IF(OR(B17="",I17="",I17="GEÇERSİZ"),"",IFERROR(VLOOKUP(I17,'Ek-2 NACE Listesi'!$B$2:$C$149,2,FALSE),"Listede bulunamadı")) | I17: =IF(B17="","",IF(LEN(SUBSTITUTE(SUBSTITUTE(SUBSTITUTE(SUBSTITUTE(SUBSTITUTE(TRIM(B17),".",""),",",""),"-","")," ",""),";",""))<4,"GEÇERSİZ",LEFT(SUBSTITUTE(SUBSTITUTE(SUBSTITUTE(SUBSTITUTE(SUBSTITUTE(TRIM(B17),".",""),",",""),"-","")," ",""),";",""),2)&"."&MID(SUBSTITUTE(SUBSTITUTE(SUBSTITUTE(SUBSTITUTE(SUBSTITUTE(TRIM(B17),".",""),",",""),"-","")," ",""),";",""),3,2)))
D18: =IF(OR(B18="",I18="",I18="GEÇERSİZ"),"",IF(COUNTIF('Ek-2 NACE Listesi'!$B$2:$B$149,I18)>0,"Evet","Hayır")) | E18: =IF(C18="","",IF(AND(ISNUMBER(C18),C18>=50),"Evet","Hayır")) | F18: =IF(OR(B18="",C18=""),"",IF(AND(D18="Evet",E18="Evet"),"KAPSAMDA","KAPSAM DIŞI")) | G18: =IF(OR(B18="",C18=""),"",IF(I18="GEÇERSİZ","NACE kodunu 4 haneli yazın (ör. 10.11)",IF(AND(D18="Evet",E18="Evet"),"NACE kodu Ek-2 listesinde ve çalışan sayısı 50 ve üzeri",IF(AND(D18="Evet",E18="Hayır"),"NACE kodu listede ancak çalışan sayısı 50'den az",IF(AND(D18="Hayır",E18="Evet"),"Çalışan sayısı yeterli ancak NACE kodu Ek-2 listesinde yok","NACE kodu Ek-2 listesinde yok ve çalışan sayısı 50'den az"))))) | H18: =IF(OR(B18="",I18="",I18="GEÇERSİZ"),"",IFERROR(VLOOKUP(I18,'Ek-2 NACE Listesi'!$B$2:$C$149,2,FALSE),"Listede bulunamadı")) | I18: =IF(B18="","",IF(LEN(SUBSTITUTE(SUBSTITUTE(SUBSTITUTE(SUBSTITUTE(SUBSTITUTE(TRIM(B18),".",""),",",""),"-","")," ",""),";",""))<4,"GEÇERSİZ",LEFT(SUBSTITUTE(SUBSTITUTE(SUBSTITUTE(SUBSTITUTE(SUBSTITUTE(TRIM(B18),".",""),",",""),"-","")," ",""),";",""),2)&"."&MID(SUBSTITUTE(SUBSTITUTE(SUBSTITUTE(SUBSTITUTE(SUBSTITUTE(TRIM(B18),".",""),",",""),"-","")," ",""),";",""),3,2)))
D19: =IF(OR(B19="",I19="",I19="GEÇERSİZ"),"",IF(COUNTIF('Ek-2 NACE Listesi'!$B$2:$B$149,I19)>0,"Evet","Hayır")) | E19: =IF(C19="","",IF(AND(ISNUMBER(C19),C19>=50),"Evet","Hayır")) | F19: =IF(OR(B19="",C19=""),"",IF(AND(D19="Evet",E19="Evet"),"KAPSAMDA","KAPSAM DIŞI")) | G19: =IF(OR(B19="",C19=""),"",IF(I19="GEÇERSİZ","NACE kodunu 4 haneli yazın (ör. 10.11)",IF(AND(D19="Evet",E19="Evet"),"NACE kodu Ek-2 listesinde ve çalışan sayısı 50 ve üzeri",IF(AND(D19="Evet",E19="Hayır"),"NACE kodu listede ancak çalışan sayısı 50'den az",IF(AND(D19="Hayır",E19="Evet"),"Çalışan sayısı yeterli ancak NACE kodu Ek-2 listesinde yok","NACE kodu Ek-2 listesinde yok ve çalışan sayısı 50'den az"))))) | H19: =IF(OR(B19="",I19="",I19="GEÇERSİZ"),"",IFERROR(VLOOKUP(I19,'Ek-2 NACE Listesi'!$B$2:$C$149,2,FALSE),"Listede bulunamadı")) | I19: =IF(B19="","",IF(LEN(SUBSTITUTE(SUBSTITUTE(SUBSTITUTE(SUBSTITUTE(SUBSTITUTE(TRIM(B19),".",""),",",""),"-","")," ",""),";",""))<4,"GEÇERSİZ",LEFT(SUBSTITUTE(SUBSTITUTE(SUBSTITUTE(SUBSTITUTE(SUBSTITUTE(TRIM(B19),".",""),",",""),"-","")," ",""),";",""),2)&"."&MID(SUBSTITUTE(SUBSTITUTE(SUBSTITUTE(SUBSTITUTE(SUBSTITUTE(TRIM(B19),".",""),",",""),"-","")," ",""),";",""),3,2)))
D20: =IF(OR(B20="",I20="",I20="GEÇERSİZ"),"",IF(COUNTIF('Ek-2 NACE Listesi'!$B$2:$B$149,I20)>0,"Evet","Hayır")) | E20: =IF(C20="","",IF(AND(ISNUMBER(C20),C20>=50),"Evet","Hayır")) | F20: =IF(OR(B20="",C20=""),"",IF(AND(D20="Evet",E20="Evet"),"KAPSAMDA","KAPSAM DIŞI")) | G20: =IF(OR(B20="",C20=""),"",IF(I20="GEÇERSİZ","NACE kodunu 4 haneli yazın (ör. 10.11)",IF(AND(D20="Evet",E20="Evet"),"NACE kodu Ek-2 listesinde ve çalışan sayısı 50 ve üzeri",IF(AND(D20="Evet",E20="Hayır"),"NACE kodu listede ancak çalışan sayısı 50'den az",IF(AND(D20="Hayır",E20="Evet"),"Çalışan sayısı yeterli ancak NACE kodu Ek-2 listesinde yok","NACE kodu Ek-2 listesinde yok ve çalışan sayısı 50'den az"))))) | H20: =IF(OR(B20="",I20="",I20="GEÇERSİZ"),"",IFERROR(VLOOKUP(I20,'Ek-2 NACE Listesi'!$B$2:$C$149,2,FALSE),"Listede bulunamadı")) | I20: =IF(B20="","",IF(LEN(SUBSTITUTE(SUBSTITUTE(SUBSTITUTE(SUBSTITUTE(SUBSTITUTE(TRIM(B20),".",""),",",""),"-","")," ",""),";",""))<4,"GEÇERSİZ",LEFT(SUBSTITUTE(SUBSTITUTE(SUBSTITUTE(SUBSTITUTE(SUBSTITUTE(TRIM(B20),".",""),",",""),"-","")," ",""),";",""),2)&"."&MID(SUBSTITUTE(SUBSTITUTE(SUBSTITUTE(SUBSTITUTE(SUBSTITUTE(TRIM(B20),".",""),",",""),"-","")," ",""),";",""),3,2)))
D21: =IF(OR(B21="",I21="",I21="GEÇERSİZ"),"",IF(COUNTIF('Ek-2 NACE Listesi'!$B$2:$B$149,I21)>0,"Evet","Hayır")) | E21: =IF(C21="","",IF(AND(ISNUMBER(C21),C21>=50),"Evet","Hayır")) | F21: =IF(OR(B21="",C21=""),"",IF(AND(D21="Evet",E21="Evet"),"KAPSAMDA","KAPSAM DIŞI")) | G21: =IF(OR(B21="",C21=""),"",IF(I21="GEÇERSİZ","NACE kodunu 4 haneli yazın (ör. 10.11)",IF(AND(D21="Evet",E21="Evet"),"NACE kodu Ek-2 listesinde ve çalışan sayısı 50 ve üzeri",IF(AND(D21="Evet",E21="Hayır"),"NACE kodu listede ancak çalışan sayısı 50'den az",IF(AND(D21="Hayır",E21="Evet"),"Çalışan sayısı yeterli ancak NACE kodu Ek-2 listesinde yok","NACE kodu Ek-2 listesinde yok ve çalışan sayısı 50'den az"))))) | H21: =IF(OR(B21="",I21="",I21="GEÇERSİZ"),"",IFERROR(VLOOKUP(I21,'Ek-2 NACE Listesi'!$B$2:$C$149,2,FALSE),"Listede bulunamadı")) | I21: =IF(B21="","",IF(LEN(SUBSTITUTE(SUBSTITUTE(SUBSTITUTE(SUBSTITUTE(SUBSTITUTE(TRIM(B21),".",""),",",""),"-","")," ",""),";",""))<4,"GEÇERSİZ",LEFT(SUBSTITUTE(SUBSTITUTE(SUBSTITUTE(SUBSTITUTE(SUBSTITUTE(TRIM(B21),".",""),",",""),"-","")," ",""),";",""),2)&"."&MID(SUBSTITUTE(SUBSTITUTE(SUBSTITUTE(SUBSTITUTE(SUBSTITUTE(TRIM(B21),".",""),",",""),"-","")," ",""),";",""),3,2)))
D22: =IF(OR(B22="",I22="",I22="GEÇERSİZ"),"",IF(COUNTIF('Ek-2 NACE Listesi'!$B$2:$B$149,I22)>0,"Evet","Hayır")) | E22: =IF(C22="","",IF(AND(ISNUMBER(C22),C22>=50),"Evet","Hayır")) | F22: =IF(OR(B22="",C22=""),"",IF(AND(D22="Evet",E22="Evet"),"KAPSAMDA","KAPSAM DIŞI")) | G22: =IF(OR(B22="",C22=""),"",IF(I22="GEÇERSİZ","NACE kodunu 4 haneli yazın (ör. 10.11)",IF(AND(D22="Evet",E22="Evet"),"NACE kodu Ek-2 listesinde ve çalışan sayısı 50 ve üzeri",IF(AND(D22="Evet",E22="Hayır"),"NACE kodu listede ancak çalışan sayısı 50'den az",IF(AND(D22="Hayır",E22="Evet"),"Çalışan sayısı yeterli ancak NACE kodu Ek-2 listesinde yok","NACE kodu Ek-2 listesinde yok ve çalışan sayısı 50'den az"))))) | H22: =IF(OR(B22="",I22="",I22="GEÇERSİZ"),"",IFERROR(VLOOKUP(I22,'Ek-2 NACE Listesi'!$B$2:$C$149,2,FALSE),"Listede bulunamadı")) | I22: =IF(B22="","",IF(LEN(SUBSTITUTE(SUBSTITUTE(SUBSTITUTE(SUBSTITUTE(SUBSTITUTE(TRIM(B22),".",""),",",""),"-","")," ",""),";",""))<4,"GEÇERSİZ",LEFT(SUBSTITUTE(SUBSTITUTE(SUBSTITUTE(SUBSTITUTE(SUBSTITUTE(TRIM(B22),".",""),",",""),"-","")," ",""),";",""),2)&"."&MID(SUBSTITUTE(SUBSTITUTE(SUBSTITUTE(SUBSTITUTE(SUBSTITUTE(TRIM(B22),".",""),",",""),"-","")," ",""),";",""),3,2)))
D23: =IF(OR(B23="",I23="",I23="GEÇERSİZ"),"",IF(COUNTIF('Ek-2 NACE Listesi'!$B$2:$B$149,I23)>0,"Evet","Hayır")) | E23: =IF(C23="","",IF(AND(ISNUMBER(C23),C23>=50),"Evet","Hayır")) | F23: =IF(OR(B23="",C23=""),"",IF(AND(D23="Evet",E23="Evet"),"KAPSAMDA","KAPSAM DIŞI")) | G23: =IF(OR(B23="",C23=""),"",IF(I23="GEÇERSİZ","NACE kodunu 4 haneli yazın (ör. 10.11)",IF(AND(D23="Evet",E23="Evet"),"NACE kodu Ek-2 listesinde ve çalışan sayısı 50 ve üzeri",IF(AND(D23="Evet",E23="Hayır"),"NACE kodu listede ancak çalışan sayısı 50'den az",IF(AND(D23="Hayır",E23="Evet"),"Çalışan sayısı yeterli ancak NACE kodu Ek-2 listesinde yok","NACE kodu Ek-2 listesinde yok ve çalışan sayısı 50'den az"))))) | H23: =IF(OR(B23="",I23="",I23="GEÇERSİZ"),"",IFERROR(VLOOKUP(I23,'Ek-2 NACE Listesi'!$B$2:$C$149,2,FALSE),"Listede bulunamadı")) | I23: =IF(B23="","",IF(LEN(SUBSTITUTE(SUBSTITUTE(SUBSTITUTE(SUBSTITUTE(SUBSTITUTE(TRIM(B23),".",""),",",""),"-","")," ",""),";",""))<4,"GEÇERSİZ",LEFT(SUBSTITUTE(SUBSTITUTE(SUBSTITUTE(SUBSTITUTE(SUBSTITUTE(TRIM(B23),".",""),",",""),"-","")," ",""),";",""),2)&"."&MID(SUBSTITUTE(SUBSTITUTE(SUBSTITUTE(SUBSTITUTE(SUBSTITUTE(TRIM(B23),".",""),",",""),"-","")," ",""),";",""),3,2)))
D24: =IF(OR(B24="",I24="",I24="GEÇERSİZ"),"",IF(COUNTIF('Ek-2 NACE Listesi'!$B$2:$B$149,I24)>0,"Evet","Hayır")) | E24: =IF(C24="","",IF(AND(ISNUMBER(C24),C24>=50),"Evet","Hayır")) | F24: =IF(OR(B24="",C24=""),"",IF(AND(D24="Evet",E24="Evet"),"KAPSAMDA","KAPSAM DIŞI")) | G24: =IF(OR(B24="",C24=""),"",IF(I24="GEÇERSİZ","NACE kodunu 4 haneli yazın (ör. 10.11)",IF(AND(D24="Evet",E24="Evet"),"NACE kodu Ek-2 listesinde ve çalışan sayısı 50 ve üzeri",IF(AND(D24="Evet",E24="Hayır"),"NACE kodu listede ancak çalışan sayısı 50'den az",IF(AND(D24="Hayır",E24="Evet"),"Çalışan sayısı yeterli ancak NACE kodu Ek-2 listesinde yok","NACE kodu Ek-2 listesinde yok ve çalışan sayısı 50'den az"))))) | H24: =IF(OR(B24="",I24="",I24="GEÇERSİZ"),"",IFERROR(VLOOKUP(I24,'Ek-2 NACE Listesi'!$B$2:$C$149,2,FALSE),"Listede bulunamadı")) | I24: =IF(B24="","",IF(LEN(SUBSTITUTE(SUBSTITUTE(SUBSTITUTE(SUBSTITUTE(SUBSTITUTE(TRIM(B24),".",""),",",""),"-","")," ",""),";",""))<4,"GEÇERSİZ",LEFT(SUBSTITUTE(SUBSTITUTE(SUBSTITUTE(SUBSTITUTE(SUBSTITUTE(TRIM(B24),".",""),",",""),"-","")," ",""),";",""),2)&"."&MID(SUBSTITUTE(SUBSTITUTE(SUBSTITUTE(SUBSTITUTE(SUBSTITUTE(TRIM(B24),".",""),",",""),"-","")," ",""),";",""),3,2)))
... D59: =IF(OR(B59="",I59="",I59="GEÇERSİZ"),"",IF(COUNTIF('Ek-2 NACE Listesi'!$B$2:$B$149,I59)>0,"Evet","Hayır")) | E59: =IF(C59="","",IF(AND(ISNUMBER(C59),C59>=50),"Evet","Hayır")) | F59: =IF(OR(B59="",C59=""),"",IF(AND(D59="Evet",E59="Evet"),"KAPSAMDA","KAPSAM DIŞI")) | G59: =IF(OR(B59="",C59=""),"",IF(I59="GEÇERSİZ","NACE kodunu 4 haneli yazın (ör. 10.11)",IF(AND(D59="Evet",E59="Evet"),"NACE kodu Ek-2 listesinde ve çalışan sayısı 50 ve üzeri",IF(AND(D59="Evet",E59="Hayır"),"NACE kodu listede ancak çalışan sayısı 50'den az",IF(AND(D59="Hayır",E59="Evet"),"Çalışan sayısı yeterli ancak NACE kodu Ek-2 listesinde yok","NACE kodu Ek-2 listesinde yok ve çalışan sayısı 50'den az"))))) | H59: =IF(OR(B59="",I59="",I59="GEÇERSİZ"),"",IFERROR(VLOOKUP(I59,'Ek-2 NACE Listesi'!$B$2:$C$149,2,FALSE),"Listede bulunamadı")) | I59: =IF(B59="","",IF(LEN(SUBSTITUTE(SUBSTITUTE(SUBSTITUTE(SUBSTITUTE(SUBSTITUTE(TRIM(B59),".",""),",",""),"-","")," ",""),";",""))<4,"GEÇERSİZ",LEFT(SUBSTITUTE(SUBSTITUTE(SUBSTITUTE(SUBSTITUTE(SUBSTITUTE(TRIM(B59),".",""),",",""),"-","")," ",""),";",""),2)&"."&MID(SUBSTITUTE(SUBSTITUTE(SUBSTITUTE(SUBSTITUTE(SUBSTITUTE(TRIM(B59),".",""),",",""),"-","")," ",""),";",""),3,2)))

Sheet Ek-2 NACE Listesi
A1: Sıra | B1: NACE Kodu | C1: Faaliyet Açıklaması | D1: Ana Faaliyet Kodu | E1: Ana Faaliyet Açıklaması
A2: 1 | B2: 01.41 | C2: Sütü sağılan büyük baş hayvan yetiştiriciliği | D2: 01 | E2: Bitkisel ve hayvansal üretim ile avcılık ve ilgili hizmet faaliyetleri
A3: 2 | B3: 01.42 | C3: Diğer sığır ve manda yetiştiriciliği | D3: 01 | E3: Bitkisel ve hayvansal üretim ile avcılık ve ilgili hizmet faaliyetleri
A4: 3 | B4: 01.43 | C4: At ve at benzeri diğer hayvan yetiştiriciliği | D4: 01 | E4: Bitkisel ve hayvansal üretim ile avcılık ve ilgili hizmet faaliyetleri
A5: 4 | B5: 01.45 | C5: Koyun ve keçi yetiştiriciliği | D5: 01 | E5: Bitkisel ve hayvansal üretim ile avcılık ve ilgili hizmet faaliyetleri
A6: 5 | B6: 01.47 | C6: Kümes hayvanları yetiştiriciliği | D6: 01 | E6: Bitkisel ve hayvansal üretim ile avcılık ve ilgili hizmet faaliyetleri
A7: 6 | B7: 01.49 | C7: Diğer hayvan yetiştiriciliği | D7: 01 | E7: Bitkisel ve hayvansal üretim ile avcılık ve ilgili hizmet faaliyetleri
A8: 7 | B8: 03.12 | C8: Tatlı su balık yetiştiriciliği (İç su ürünleri dâhil) | D8: 03 | E8: Balıkçılık ve su ürünleri yetiştiriciliği
A9: 8 | B9: 05.10 | C9: Taş kömürü madenciliği | D9: 05 | E9: Kömür ve linyit çıkartılması
A10: 9 | B10: 05.20 | C10: Linyit madenciliği | D10: 05 | E10: Kömür ve linyit çıkartılması
A11: 10 | B11: 07.10 | C11: Demir cevherleri madenciliği | D11: 07 | E11: Metal cevherleri madenciliği
A12: 11 | B12: 07.29 | C12: Diğer demir dışı metal cevherleri madenciliği | D12: 07 | E12: Metal cevherleri madenciliği
A13: 12 | B13: 08.91 | C13: Kimyasal ve gübreleme amaçlı mineral madenciliği | D13: 08 | E13: Diğer madencilik ve taş ocakçılığı
... A149: 148 | B149: 42.12 | C149: Demir yolları ve metroların inşaatı | D149: 42 | E149: Bina dışı yapıların inşaatı

Sheet Nasıl Kullanılır
A1: Su Verimliliği Yönetmeliği — Kapsam Kontrol Tablosu Kullanım Kılavuzu
A3: Kural
A4: Firma KAPSAMDA sayılır ancak şu iki şart birlikte sağlanır: 1) NACE kodu, 27.12.2024 tarihli Su Verimliliği Yönetmeliği Ek-2 listesinde yer alır. 2) Çalışan sayısı 50 ve üzeridir (yönetmelikteki “50 ve üzeri çalışan” ifadesi). Aksi halde sonuç KAPSAM DIŞI olur.
A6: Nasıl doldurulur?
A7: Sadece “Firma Kontrolü” sayfasındaki sarı hücrelere yazın: • Firma Adı • NACE Kodu (ör. 10.11 veya 10.11.01 — tablo ilk dört haneyi kullanır) • Çalışan Sayısı Kapsam Durumu, gerekçe ve faaliyet açıklaması otomatik dolar. Formül hücrelerini değiştirmeyin.
A9: Renkler
A10: Kırmızı / KAPSAMDA = NACE listede + çalışan sayısı ≥ 50. Yeşil / KAPSAM DIŞI = NACE listede değil veya çalışan sayısı 50’nin altında.
A12: Kaynak
A13: Resmî Gazete: 27 Aralık 2024, Sayı 32765 — Su Verimliliği Yönetmeliği, Ek-2 NACE Kodu Listesi (148 kod). Endüstriyel tesisler için sistem kurulum süresi yönetmelik yayımından itibaren 18 aydır.
A15: Not
A16: Organize sanayi bölgeleri, serbest bölgeler ve endüstri bölgeleri NACE/çalışan sayısından bağımsız olarak ayrıca yükümlüdür. Bu tablo münferit endüstriyel işletmeler içindir. 13 Mart 2025 tarihli kılavuz güncellemesinde bazı Ek-2 kodları gönüllü statüsüne alınmıştır. Bu dosya yönetmeliğin Ek-2 listesine ve sizin belirttiğiniz iki şarta göre çalışır.
